id,brand query,name query,brand,name,concentration
1,Issey Miyake,L’Eau d’Issey pour Homme (EdT),Issey Miyake,L'Eau d'Issey pour Homme,Eau de Toilette
2,Armani,Acqua di Giò (EdT),Giorgio Armani,Acqua di Giò pour Homme,Eau de Toilette
3,Yves Saint Laurent,Y (EdP),Yves Saint Laurent,Y,Eau de Parfum
4,Hermès,Eau des Merveilles Bleue,Hermès,Eau des Merveilles Bleue,
5,Diptyque,Eau de Minthé,Diptyque,Eau de Minthé,
6,Diptyque,Eau Duelle (EdP),Diptyque,Eau Duelle,Eau de Parfum
7,Atelier Cologne,Orange Sanguine,Atelier Cologne,Orange Sanguine,
8,Diptyque,Eau de Tarocco,Diptyque,L'Eau de Tarocco,
9,Parfums de Nicolai,Eau d’Été,Nicolaï / Parfums de Nicolaï,Eau d'Été,
10,Bvlgari,Aqva Marine (EdT),Bvlgari,Aqva pour Homme Marine,Eau de Toilette
11,Hermès,Terre d’Hermès Eau Très Fraîche,Hermès,Terre d'Hermès Eau Très Fraîche,
12,Maison Margiela,Never-Ending Summer,Maison Margiela,Never-ending Summer,
13,Goldfield & Banks,Pacific Rock Moss,Goldfield & Banks,Pacific Rock Moss,
14,Parfums de Marly,Greenley,Parfums de Marly,Greenley,
15,Penhaligon’s,Sartorial,Penhaligon's,Sartorial,
16,Jo Malone,Wood Sage & Sea Salt,Jo Malone,Wood Sage & Sea Salt,Cologne
17,BDK Parfums,Sel d’Argent,bdk Parfums,Sel d'Argent,
18,Pierre Guillaume,9.1 Komorebi,Pierre Guillaume,9.1 Komorebi,
19,Parfums de Nicolai,Fig Tea,Nicolaï / Parfums de Nicolaï,Fig-Tea,
20,Marc-Antoine Barrois,B683 Extrait,Marc-Antoine Barrois,B683,Extrait de Parfum
21,Dusita,Erawan,Dusita,Erawan,Eau de Parfum
22,Prada,Luna Rossa (EdT),Prada,Luna Rossa Ocean,Eau de Toilette
23,Diptyque,Eau de Lavande,Diptyque,Eau de Lavande,
24,Jean Paul Gaultier,Le Male Elixir,Jean Paul Gaultier,Le Mâle Elixir,
25,Atelier Cologne,Café Tuberosa,Atelier Cologne,Café Tuberosa,
26,Maison Margiela,Coffee Break,Maison Margiela,Coffee Break,
27,Bvlgari,Eau Parfumée au Thé Vert,Bvlgari,Eau Parfumée au Thé Vert,Eau de Cologne
28,Heeley,Sel Marin,Heeley,Sel Marin,
29,Elizabeth Arden,Green Tea,Elizabeth Arden,Green Tea,Eau Parfumée
30,Guerlain,Aqua Allegoria Herba Fresca,Guerlain,Aqua Allegoria Herba Fresca,
31,Maison Margiela,Matcha Meditation,Maison Margiela,Matcha Meditation,
32,Armani,Thé Yulong,Giorgio Armani,Armani Privé - Thé Yulong,
33,Memo Paris,Irish Leather,Memo Paris,Irish Leather,Eau de Parfum
34,Bottega Veneta,Pour Homme,Bottega Veneta,Bottega Veneta pour Homme,Eau de Toilette
35,Miller Harris,Vetiver Insolent,Miller Harris,Vetiver Insolent,
36,Maison Francis Kurkdjian,Masculin Pluriel,Maison Francis Kurkdjian,masculin Pluriel,
37,Naomi Goodsir,Cuir Velours,Naomi Goodsir,Cuir Velours,
38,Amouage,Memoir Man,Amouage,Memoir Man,
39,Hermès,Hiris,Hermès,Hiris,
40,Armani Privé,Bois d’Encens,Giorgio Armani,Armani Privé - Bois d'Encens,
41,Chanel,Sycomore,Chanel,Sycomore (2016),Eau de Parfum
42,Serge Lutens,Cuir Mauresque,Serge Lutens,Cuir mauresque,
43,Prada,Infusion d’Iris Cèdre,Prada,Infusion d'Iris Cèdre,
44,Miller et Bertaux,Menta y Menta,Miller et Bertaux,Menta y Menta,
45,John Varvatos,XX Intense,John Varvatos,John Varvatos XX Intense,
46,Diptyque,Florabellio,Diptyque,Florabellio,
47,Ralph Lauren,Polo Double Black,Ralph Lauren,Polo Double Black,Eau de Toilette
48,Pierre Guillaume,Sambaka,Pierre Guillaume,Sambaka,
49,Fueguia 1833,Arábica,Fueguia 1833,Arábica,Perfume
50,Hermès,Brin de Réglisse,Hermès,Brin de Réglisse,
51,Parfums de Marly,Layton,Parfums de Marly,Layton,
52,Valentino,Uomo Born in Roma Coral Fantasy,Valentino,Valentino Uomo Born In Roma Coral Fantasy,
53,Parfums de Marly,Sedley,Parfums de Marly,Sedley,
54,Creed,Silver Mountain Water,Creed,Silver Mountain Water,
55,Calvin Klein,CK One (EdT),Calvin Klein,CK One,Eau de Toilette
56,Maison Margiela,Jazz Club,Maison Margiela,Jazz Club,
57,Maison Margiela,Under the Lemon Trees,Maison Margiela,Under The Lemon Trees,
58,Maison Margiela,By the Fireplace,Maison Margiela,By the Fireplace,
59,Maison Margiela,From the Garden,Maison Margiela,From the Garden,
60,Maison Margiela,Autumn Vibes,Maison Margiela,Autumn Vibes,
61,Guerlain,Mandarine Basilic Harvest,Guerlain,Aqua Allegoria Harvest Mandarine Basilic,
62,Guerlain,Tobacco Honey,Guerlain,Tobacco Honey,
63,Calvin Klein,CK One Essence,Calvin Klein,CK One Essence,
64,Bvlgari,Pour Homme (EDP 2024),Bvlgari,Bvlgari pour Homme,Eau de Parfum
65,Kilian,Imperial Tea,Kilian,Imperial Tea,
66,Montale,Herbal Aquatica,Montale,Herbal Aquatica,
67,Molinard,Thé Basilic,Molinard,Thé Basilic,
68,Armaf,Club de Nuit Intense Man,Armaf,Club de Nuit Intense Man,Eau de Toilette
69,Rabanne,Invictus (EdT),Rabanne,Invictus,Eau de Toilette
70,Salvatore Ferragamo,Uomo Signature,Salvatore Ferragamo,Uomo Signature,
71,Profumum Roma,Acqua di Sale,Profumum Roma,Acqua di Sale,
72,Chanel,Allure Homme Sport (EdT),Chanel,Allure Homme Sport,Eau de Toilette
73,Marie Jeanne,Adèle,Marie Jeanne,Adèle,
74,Marie Jeanne,Brume Matcha,Marie Jeanne,Brume Matcha,
75,Marie Jeanne,Tonka Lavande,Marie Jeanne,Tonka Lavande,
76,Marie Jeanne,Jasmin Patchouli,Marie Jeanne,Jasmin Patchouli,
77,Miller Harris,Tea Tonique,Miller Harris,Tea Tonique,
78,Miller Harris,Wander Through the Parks,Miller Harris,Wander Through the Parks,
79,Initio,High Frequency,Initio,High Frequency,
80,BDK Parfums,Citrus Riviera,bdk Parfums,Citrus Riviera,
81,Atelier Cologne,Cédrat Enivrant,Atelier Cologne,Cédrat Enivrant,
82,Diptyque,Philosykos (EdT),Diptyque,Philosykos,Eau de Toilette
83,Hermès,Eau de Rhubarbe Écarlate,Hermès,Eau de Rhubarbe Écarlate,
84,Maison Crivelli,Citrus Batikanga,Maison Crivelli,Citrus Batikanga,
85,Gallivant,Tel Aviv,Gallivant,Tel Aviv,
86,Jo Malone,Earl Grey & Cucumber,Jo Malone,Earl Grey & Cucumber,
87,Parle Moi de Parfum,Cedar Woodpecker,Parle Moi de Parfum,Cedar Woodpecker/10,
89,Heeley,Menthe Fraîche,Heeley,Menthe Fraîche,
91,Byredo,Bal d’Afrique (EdP),Byredo,Bal d'Afrique,Eau de Parfum
92,Montale,Aqua Gold,Montale,Aqua Gold,
93,Maison Francis Kurkdjian,Aqua Celestia Forte,Maison Francis Kurkdjian,Aqua Celestia Forte,
94,Amouage,Journey Man,Amouage,Journey Man,
95,Hermès,Eau de Basilic Pourpre,Hermès,Eau de Basilic Pourpre,
96,Acqua di Parma,Colonia Club (EdC),Acqua di Parma,Colonia Club,Eau de Cologne
97,Memo Paris,Italian Leather,Memo Paris,Italian Leather,Eau de Parfum
98,Bvlgari,Man Wood Neroli,Bvlgari,Bvlgari Man Wood Neroli,
99,Orto Parisi,Megamare,Orto Parisi,Megamare,
101,Hiram Green,Vetiver,Hiram Green,Vetiver,
102,Maison Margiela,(untitled) L’eau,Maison Margiela,(untitled) l'eau,
103,Parfums de Nicolai,Eau de Yuzu,Nicolaï / Parfums de Nicolaï,Eau de Yuzu,
104,Jo Malone,Myrrh & Tonka,Jo Malone,Myrrh & Tonka,Cologne Intense
105,Jo Malone,Hinoki & Cedarwood,Jo Malone,Hinoki & Cedarwood,
106,Parfums de Nicolai,L’Eau Mixte,Nicolaï / Parfums de Nicolaï,L'Eau miXte,
107,Maison Margiela,Sailing Day,Maison Margiela,Sailing Day,
108,Maison Margiela,Flying,Maison Margiela,Flying,
109,Chanel,Allure Homme Édition Blanche,Chanel,Allure Homme Édition Blanche,Eau de Parfum
110,Chanel,Bleu de Chanel (EdP),Chanel,Bleu de Chanel,Eau de Parfum
111,La Cordée,À la cime du cyprès,Moncler,La Cordée - A la cime du cyprès,
112,Acqua di Parma,Colonia Essenza,Acqua di Parma,Colonia Essenza,Eau de Cologne
113,Dior,Sauvage (EDT),Dior,Sauvage,Eau de Toilette
114,Creed,Erolfa,Creed,Erolfa,
115,Dior,Homme Cologne,Dior,Dior Homme Cologne (2013),
116,Diptyque,Tam Dao (EdT),Diptyque,Tam Dao,Eau de Toilette
117,Maison Francis Kurkdjian,Aqua Universalis,Maison Francis Kurkdjian,Aqua Universalis,Eau de Toilette
118,Diptyque,Eau des Sens,Diptyque,Eau des Sens,Eau de Toilette
119,Acqua di Parma,Fico di Amalfi,Acqua di Parma,Fico di Amalfi,
120,Maison Francis Kurkdjian,Aqua Vitae,Maison Francis Kurkdjian,Aqua Vitae Forte,
121,Le Labo,Bergamote 22,Le Labo,Bergamote 22,Eau de Parfum
122,4711,Echt Kölnisch Wasser,4711,Echt Kölnisch Wasser,Eau de Cologne
123,Yves Saint Laurent,La Nuit de l’Homme (EDT),Yves Saint Laurent,La Nuit de L'Homme,Eau de Toilette
124,Hermès,Un Jardin sur le Nil,Hermès,Un Jardin sur le Nil,Eau de Toilette
125,Hermès,Terre d’Hermès,Hermès,Terre d'Hermès,Eau de Toilette
126,Prada,Luna Rossa Carbon,Prada,Luna Rossa Carbon,
127,Davidoff,Cool Water Intense,Davidoff,Cool Water Intense,Eau de Parfum Intense
128,Tom Ford,Ombre Leather (EDP),Tom Ford,Ombré Leather (2018),Eau de Parfum
129,Chanel,Pour Monsieur (EDP),Chanel,Pour Monsieur,Eau de Parfum
130,Mugler,A*Men,Mugler,A*Men Pure Havane,
131,Dior,Fahrenheit (EdT),Dior,Fahrenheit,Eau de Toilette
132,Creed,Love in White for Summer,Creed,Love in White for Summer,
133,Tabac,Man,Mäurer & Wirtz,Tabac Man,Eau de Toilette
135,Heeley,Cardinal,Heeley,Cardinal,
136,Acqua di Parma,Yuzu,Acqua di Parma,Yuzu,
137,Hermès,Un Jardin en Méditerranée,Hermès,Un Jardin en Méditerranée,
138,L’Artisan Parfumeur,Premier Figuier,L'Artisan Parfumeur,Premier Figuier,Eau de Toilette
139,Hermès,Un Jardin sur le Toit,Hermès,Un Jardin sur le Toit,
140,D.S. & Durga,Italian Citrus,D.S. & Durga,Italian Citrus,
141,Miller Harris,Terre d’Iris,Miller Harris,Terre d'Iris,
142,D.S. & Durga,Debaser,D.S. & Durga,Debaser,Eau de Parfum
143,Heeley,Verveine d’Eugène,Heeley,Verveine d'Eugène,
144,Hermès,Eau de Citron Noir,Hermès,Eau de Citron Noir,
145,Le Labo,Matcha 26,Le Labo,Thé Matcha 26,
146,Le Labo,Lavande 31,Le Labo,Lavande 31,
147,Maison Margiela,Beach Walk,Maison Margiela,Beach Walk,
148,Maison Margiela,Whispers in the Library,Maison Margiela,Whispers in the Library,
149,État Libre d’Orange,The Ghost in the Shell,Etat Libre d'Orange,The Ghost in the Shell,
150,État Libre d’Orange,Jasmin et Cigarette,Etat Libre d'Orange,Jasmin et Cigarette,
151,Kilian,Back to Black (Aphrodisiac),Kilian,"Back to Black, Aphrodisiac",Perfume
152,Parfums de Marly,Herod,Parfums de Marly,Herod,
153,Ormonde Jayne,Montabaco Cuba,Ormonde Jayne,Montabaco Cuba,
154,Diptyque,Volutes (EdT),Diptyque,Volutes,Eau de Toilette
155,Ormonde Jayne,Verano,Ormonde Jayne,Verano,
156,Miller Harris,Feuilles de Tabac,Miller Harris,Feuilles de Tabac,
157,Berdoues,Assam of India,Berdoues,Assam of India,
158,Fragrance du Bois,Minuit et Demi,Fragrance Du Bois,Minuit et Demi,
159,27 87,Wandervogel,27 87 Perfumes,Wandervogel,
161,Legendary Fragrances,Barista,Legendary Fragrances,Barista,
162,Maison Crivelli,Bois Datchaï,Maison Crivelli,Bois Datchaï,
163,Parfums de Nicolai,Cuir Cuba Intense,Nicolaï / Parfums de Nicolaï,Cuir Cuba Intense,
164,D.S. & Durga,Jazmín Yucatán,D.S. & Durga,Jazmín Yucatan,
165,Serge Lutens,Ambre Sultan,Serge Lutens,Ambre sultan,Eau de Parfum
166,Andrea Maack,Coven,Andrea Maack,Coven,
167,Creed,Centaurus,Creed,Centaurus,
168,Creed,Delphinus,Creed,Delphinus,
169,Creed,Fragaria,Creed,Fragaria,
170,Creed,Eladaria,Creed,Eladaria,
171,Van Cleef & Arpels,Bois Doré,Van Cleef & Arpels,Bois Doré,
172,Escentric Molecules,Molecule 01,Escentric Molecules,Molecule 01,
173,Mr Marvis,Club Marevista,Mr Marvis,Club Marevista,
174,Le Labo,Thé Noir 29 (EdP),Le Labo,Thé Noir 29,Eau de Parfum
175,Mind Games,Blockade,Mind Games,Blockade,
176,Valentino,Uomo Born in Roma Green Stravaganza,Valentino,Valentino Uomo Born In Roma Green Stravaganza,
177,Serge Lutens,Chergui,Serge Lutens,Chergui,Eau de Parfum
178,Ormonde Jayne,Montabaco,Ormonde Jayne,4. Montabaco Intensivo,Parfum
179,État Libre d’Orange,Nostos,Etat Libre d'Orange,Nostos,
180,Nasomatto,Black Afgano,Nasomatto,Black Afgano,Extrait de Parfum
181,Kilian,Intoxicated,Kilian,Intoxicated,
182,Sisley,Eau de Campagne,Sisley,Eau de Campagne,
183,L’Artisan Parfumeur,Tea for Two,L'Artisan Parfumeur,Tea for Two,
186,Xerjoff,Luxor,Xerjoff,Luxor,
187,Nasomatto,Sadonaso,Nasomatto,Sadonaso,
188,Yves Saint Laurent,Rive Gauche pour Homme (2003),Yves Saint Laurent,Rive Gauche pour Homme (2003),Eau de Toilette
189,Lorenzo Villoresi,Incensi,Lorenzo Villoresi,Incensi,
190,Tauer Perfumes,L’Air du Désert Marocain,Tauer Perfumes,№ 02 - L'Air du Désert Marocain,Eau de Toilette Intense
191,Guerlain,Bois d’Arménie,Guerlain,Bois d'Arménie,
192,Diptyque,Eau Lente,Diptyque,Eau Lente,
193,Xerjoff,Golden Dallah,Xerjoff,Golden Dallah,
194,Xerjoff,Starlight,Xerjoff,Starlight,
195,Armani Privé,Cuir Nu,Giorgio Armani,Armani Privé - Cuir Noir,
196,Giorgio Armani,Armani Attitude,Giorgio Armani,Attitude,Eau de Toilette
197,Yves Saint Laurent,Cuir (2023),Yves Saint Laurent,Cuir (2023),
198,Fragrance Du Bois,Lucius,Fragrance Du Bois,Lucius,
199,Fragrance Du Bois,Lovers,Fragrance Du Bois,Cavort,
200,Mind Games,Opera Mate,Mind Games,Opera Mate,
201,Mancera,Red Tobacco,Mancera,Red Tobacco,
202,Mancera,Fig Extasy,Mancera,Fig Extasy,
203,BDK Parfums,Gris Charnel,bdk Parfums,Gris Charnel,Eau de Parfum
204,Kilian,Apple Brandy (on the Rocks),Kilian,Apple Brandy on the Rocks,
205,Kilian,Angels’ Share,Kilian,Angels' Share,Eau de Parfum
206,Parfums de Marly,Oajan,Parfums de Marly,Oajan,
208,D.S. & Durga,Bowmakers,D.S. & Durga,Bowmakers,Eau de Parfum
209,Francesca Bianchi,Byzantine Amber,Francesca Bianchi,Byzantine Amber,
210,Penhaligon’s,Halfeti,Penhaligon's,Halfeti,Hair & Body Mist
211,Serge Lutens,L’Orpheline,Serge Lutens,L'orpheline,
212,Matière Première,Encens Suave,Matière Première,Encens Suave,Eau de Parfum
213,Matière Première,Oud Seven,Matière Première,Oud Seven,
215,Kilian,Straight To Heaven,Kilian,"Straight to Heaven, White Cristal",Perfume
216,Serge Lutens,Arabie,Serge Lutens,Arabie,
217,Serge Lutens,Bois et Musc,Serge Lutens,Bois et musc,
218,Serge Lutens,Bois Oriental,Serge Lutens,Bois oriental,
219,Guerlain,Néroli Outrenoir,Guerlain,Néroli Outrenoir,Eau de Parfum
220,Xerjoff,Amber Star,Xerjoff,Amber Star,
221,Xerjoff,Black Moonlight,Xerjoff,Black Moonlight,
222,Xerjoff,Cruz del Sur I,Xerjoff,Cruz del Sur I,
223,Tiziana Terenzi,Sienè,Tiziana Terenzi,Sienè,
224,Mugler,A*Men Stellar,Mugler,A*Men Stellar,
225,Guerlain,Guerlain Homme (EdP),Guerlain,L'Homme Idéal,Eau de Parfum
226,Marie Jeanne,Brume d’été,Marie Jeanne,Brume d'Été,
227,Maison Margiela,Soul of the Forest,Maison Margiela,Soul of the Forest,
229,27 87,Mosaïque,27 87 Perfumes,Mosaïque,
230,Serge Lutens,Écrin de Fumée,Serge Lutens,Écrin de fumée,
231,Guerlain,Vetiver,Guerlain,Vetiver,Eau de Toilette
232,Hermès,Rocabar,Hermès,Rocabar,Eau de Toilette
233,Ormonde Jayne,Ormonde Man,Ormonde Jayne,Ormonde Man,Eau de Parfum
234,Guerlain,Épices Exquises,Guerlain,Épices Exquises,
235,Roja Parfums,Apex,Roja Parfums,Apex,Eau de Parfum
236,Giorgio Armani,Oud Royal,Giorgio Armani,Armani Privé - Oud Royal,
237,Roja Parfums,Enigma pour Homme,Roja Parfums,Enigma pour Homme,Parfum
238,Headspace,Myrrhe,Headspace,Myrrhe,
239,Haeckels,Walpole (1° 24’ 9”E 51° 23’ 34”N),Haeckels,23 34 N Walpole,
241,Womo,Santal + Coffee,Womo,Santal + Coffee,
242,Womo,Black Tobacco,Womo,Black Tobacco,
243,19-69,La Habana,19-69,La Habana,
244,Fabrizio Tagliacarne,Icio,Fabrizio Tagliacarne,Icio,
245,Arquiste,Nanban,Arquiste,Nanban,
246,Oman Luxury,Royal Incense,Omanluxury,Royal Incense,
247,Jacques Zolty,Cubata,Jacques Zolty,Cubata,
248,Meo Fusciuni,Luce,Meo Fusciuni,Luce,
249,Akro,Awake,Akro,Awake,
250,Aedes de Venustas,Café Tabac,Aedes de Venustas,Café Tabac,
251,Śasva,L’Amour Libertin,Śasva,L'Amour Libertin,
252,Bon Parfumeur,603 Cuir Encens Fève Tonka,Bon Parfumeur,603 Cuir Encens Fève Tonka,
253,Jovoy,La Liturgie des Heures,Jovoy,La Liturgie des Heures,
254,Amouage,Opus XIV – Royal Tobacco,Amouage,Opus XIV - Royal Tobacco,
255,Azzaro,Wanted by Night,Azzaro,Wanted by Night,
256,Calvin Klein,Obsession for Men,Calvin Klein,Obsession for Men,Eau de Toilette
257,D.S. & Durga,Amber Kiso,D.S. & Durga,Amber Kiso,
258,Serge Lutens,Fille en Aiguilles,Serge Lutens,Fille en aiguilles,
259,Serge Lutens,Chypre Rouge,Serge Lutens,Chypre rouge,
260,Molinard,Ambre,Molinard,Ambre,Eau de Parfum
261,Goldfield & Banks,Tales of Amber,Goldfield & Banks,Tales of Amber,
262,Calvin Klein,Amber Gold Euphoria Men,Calvin Klein,Amber Gold Euphoria Men,
263,Aramis,Aramis Classic,Aramis,Aramis Classic Reserve,
264,Mancera,Aoud Café,Mancera,Aoud Café,
265,Pierre Guillaume,Myrrhiad,Pierre Guillaume,Myrrhiad,
266,D.S. & Durga,St. Vetyver,D.S. & Durga,St. Vetyver,
296,Farmacia SS. Annunziata,Whisky Nobile,Farmacia SS. Annunziata,Whisky Nobile,
328,L'Artisan Parfumeur,Vétiver Écarlate,L'Artisan Parfumeur,Vétiver Écarlate,
269,Profumum Roma,Patchouly,Profumum Roma,Patchouly,
270,Pana Dora,Imperial Wood,Pana Dora,Imperial Wood,
271,D.S. & Durga,Cognac Reign,D.S. & Durga,Cognac Reign,
272,Tiziana Terenzi,Chimaera,Tiziana Terenzi,Chimaera,
273,Tauer Perfumes,Sundowner,Tauer Perfumes,Sundowner,
275,Yves Saint Laurent,M7 Oud Absolu,Yves Saint Laurent,M7 (2011),
276,Naomi Goodsir,Bois d’Ascèse,Naomi Goodsir,Bois d'Ascèse,
277,Francesca Bianchi,The Dark Side,Francesca Bianchi,The Dark Side,Sublime Oil
278,Zoologist,Camel,Zoologist,Camel,
279,Yves Saint Laurent,Babycat,Yves Saint Laurent,Babycat,
280,L’Artisan Parfumeur,Passage d’Enfer,L'Artisan Parfumeur,Passage d'Enfer,
281,L’Artisan Parfumeur,Passage d’Enfer Extrême,L'Artisan Parfumeur,Passage d'Enfer Extrême,
282,Phaedon,Tabac Rouge,Phaedon,Tabac Rouge,
283,Al Haramain,Amber Oud Tobacco Edition,Al Haramain / الحرمين,Amber Oud Tobacco Edition,
284,Franck Boclet,Tobacco,Franck Boclet,Tobacco,
285,Houbigant,Tabac Nomade,Houbigant,Tabac Nomade,
286,Jusbox,Beat Café,Jusbox,Beat Café,
287,Meo Fusciuni,Narcotico,Meo Fusciuni,Narcotico,
288,Filippo Sorcinelli,Reliqvia,Filippo Sorcinelli,Reliqvia,
289,Lalique,Oriental Zinc,Lalique,Les Compositions Parfumées - Oriental Zinc,
290,Mind Games,As-Suli’s Diamond,Mind Games,As-Suli's Diamond,
291,Bon Parfumeur,403 Myrrh Shadow,Bon Parfumeur,403 Myrrh Shadow,
292,Viktor & Rolf,Spicebomb (EdT),Viktor & Rolf,Spicebomb Infrared,Eau de Toilette
293,Reyane Tradition,Insurrection II Wild,Reyane Tradition,Insurrection II Wild,
294,The Dua Brand,When in Havana,The Dua Brand,When in Havana,
295,Dior,Vanilla Diorama,Dior,Vanilla Diorama,
267,Profumum Roma,Ambra Aurea,Profumum Roma,Ambra Aurea,
297,Narciso Rodriguez,Narciso (EdP 2014),Narciso Rodriguez,Narciso,Eau de Parfum
298,Mind Games,Grand Master,Mind Games,Grand Master,
299,Comme des Garçons,Series 3: Incense – Kyoto,Comme des Garçons,Series 3: Incense - Kyoto,
300,Bon Parfumeur,603 Cuir Encens Fève Tonka,Bon Parfumeur,603 Cuir Encens Fève Tonka,
301,Farmacia SS. Annunziata,Via dell’Incenso,Farmacia SS. Annunziata,Via dell'Incenso,
302,Aedes de Venustas,Copal Azur,Aedes de Venustas,Copal Azur,
303,Aedes de Venustas,Encens Japonais,Aedes de Venustas,Encens Japonais,
304,Serge Lutens,Bornéo 1834,Serge Lutens,Bornéo 1834,
305,Histoires de Parfums,Noir Patchouli,Histoires de Parfums,Noir Patchouli,
306,Guerlain,Patchouli Paris,Guerlain,Patchouli Paris,
307,Filippo Sorcinelli,Notre Dame Notte di Natale,Filippo Sorcinelli,Notre Dame Notte di Natale,
308,Filippo Sorcinelli,Sacristie des Arbres,Filippo Sorcinelli,Sacristie des Arbres,
309,Filippo Sorcinelli,Io Non Ho Mani Che Mi Accarezzino Il Volto,Filippo Sorcinelli,Io Non Ho Mani Che Mi Accarezzino Il Volto,
310,Filippo Sorcinelli,Quando_rapita_in_estasi,Filippo Sorcinelli,_Quando_rapita_in_estasi_,
311,Les Néréides,Patchouli Antique,Les Néréides,Patchouli Antique,Eau de Parfum
312,Lorenzo Villoresi,Patchouli,Lorenzo Villoresi,Patchouli,Eau de Toilette
313,Frédéric Malle,Monsieur.,Editions de Parfums Frédéric Malle,Monsieur.,
314,Escentric Molecules,Molecule 01 + Patchouli,Escentric Molecules,Molecule 01 + Patchouli,
315,Perris Monte Carlo,Patchouli Nosy Be,Perris Monte Carlo,Patchouli Nosy Be,Eau de Parfum
317,Diptyque,Tam Dao (EdP),Diptyque,Tam Dao,Eau de Parfum
318,Diptyque,34 Boulevard Saint Germain,Diptyque,34 Boulevard Saint Germain,Eau de Toilette
319,Comptoir Sud Pacifique,Rouge Litchi,Comptoir Sud Pacifique,Rouge Litchi,
320,Comptoir Sud Pacifique,Vanille Passion (EdP),Comptoir Sud Pacifique,Vanille Passion,Eau de Parfum
321,Obvious,Milk & Matcha,Obvious,Milk & Matcha,
322,Penhaligon’s,Blenheim Bouquet,Penhaligon's,Blenheim Bouquet,Eau de Toilette
323,Jovoy,Remember Me,Jovoy,Remember Me,
324,Jovoy,Psychédélique,Jovoy,Psychédélique,
325,Jovoy,Private Label,Jovoy,Private Label,
326,Mancera,Cedrat Boise,Mancera,Cedrat Boise,
327,Essential Parfums,Fig Infusion,Essential Parfums,Fig Infusion,
268,Profumum Roma,Olibanum,Profumum Roma,Olibanum,
329,Bentley,Bentley for Men Intense,Bentley,Bentley for Men Intense,
330,Xerjoff,Empiryan,Xerjoff,Empiryan,
331,BDK Parfums,Gris Charnel Extrait,bdk Parfums,Gris Charnel,Extrait
332,Simone Andreoli,Smoke of Desert,Simone Andreoli,Smoke of Desert,
333,Stéphane Humbert Lucas,Wish Come True,Stéphane Humbert Lucas,Wish Come True,
334,Xerjoff,Zefiro,Xerjoff,Zefiro,
335,Dior,Bois d'Argent,Dior,Bois d'Argent,Eau de Parfum
336,Electimuss,Spice D'Arno,Electimuss,Spice D'Arno,
88,Diptyque,Eau de Lierre,Diptyque,Eau de Lierre,
90,Acqua di Parma,Colonia Leather,Acqua di Parma,Colonia Leather,Eau de Cologne Concentrée
134,Xerjoff,Naxos,Xerjoff,Naxos,
160,Azya,Jalua,Azya,Jalua,
184,Jovoy,Pavillon Rouge,Jovoy,Pavillon Rouge,
185,Zoologist,Rhinoceros (2020),Zoologist,Rhinoceros (2020),
207,Xerjoff,Decas,Xerjoff,Decas,
214,Diptyque,Oud Palao,Diptyque,Oud Palao,
228,Sisley,Le Parfum,Sisley,Hair Ritual Le Parfum,
274,Zoologist,Tyrannosaurus Rex,Zoologist,Tyrannosaurus Rex,
316,Profumi di Firenze,Patchouly Rosso,Spezierie Palazzo Vecchio / I Profumi di Firenze,Patchouly Rosso,Eau de Parfum
